elevation,avg_traffic_speed,pollution_level,population_density,road_quality_index,proximity_main_roads,weather_condition_index,type_of_terrain,zone_classification,time_of_day,estimated_traversal_cost,row,col
37.454011884736246,10.31238688359326,212.1715902940196,3791.3159796451127,2.726805922468686,261.70568373590595,4.065437499231625,Commercial Area,Commercial,Morning,181.38519680768536,0,0
95.07143064099162,90.25529066795669,45.7617128742784,122.93458229400755,3.910344059039687,246.97879907199984,1.6454069996288592,Road,Industrial,Evening,1704.6567054717614,0,1
73.1993941811405,50.525237244785714,172.88650805004394,110.61775764498628,3.039907620042892,906.2545805210368,4.686660054057088,Commercial Area,Industrial,Night,827.7713097060325,0,2
59.86584841970366,82.64574661077417,182.0145139148568,1618.0510957477063,4.194966752487436,249.5461998495061,3.800957455570542,Road,Commercial,Night,1060.431348539199,0,3
15.601864044243651,32.00496010306117,127.2392013907158,2443.215952023329,1.6248145847148403,271.94972612863097,7.094085757615084,Park,Residential,Afternoon,205.11667313003045,0,4
15.599452033620263,89.55232284962005,220.93327068741684,3852.037089038966,5.671538118174434,759.3982624179637,6.452013245074213,Road,Commercial,Morning,442.69059449320343,0,5
5.8083612168199465,38.92016787341631,280.3101044307044,3416.476883032526,1.608513072329934,449.73984245054,4.28134355377786,Commercial Area,Commercial,Evening,185.35631893377894,0,6
86.61761457749351,1.083765148029836,277.6705538720329,2229.513531883741,8.203208570401255,776.7105569551812,2.961032988294911,Commercial Area,Residential,Morning,123.7421775649072,0,7
60.11150117432088,90.53819764192636,135.25181142123964,1368.1333314083297,3.103408737193897,65.36615756438525,9.892323695400329,Road,Commercial,Morning,1221.8065168337744,0,8
70.80725777960456,9.128667678613356,33.971413752226574,4985.622500788556,5.860107231440596,487.5711936733843,5.086014590765034,Residential Area,Commercial,Afternoon,167.1689606458849,0,9
2.0584494295802447,31.93136375904149,295.4523596887004,2130.9065111798645,8.920711788053124,33.613600183282635,7.194468122022133,Park,Commercial,Morning,236.5376770815041,0,10
96.99098521619943,95.0061967050805,251.66942593378025,2256.9351216483774,6.857896321424748,62.65320345535452,2.264976708205247,Park,Residential,Evening,1881.5050221642805,1,11
83.24426408004217,95.0607146937556,37.39880436098005,818.1191059583459,5.796620078962018,906.437453344411,5.37030729693458,Commercial Area,Industrial,Evening,1591.632285798947,1,0
21.233911067827616,57.34378881232861,276.2525647852117,3974.047743749647,3.919003778038381,139.24537111759517,1.2478304788251893,Residential Area,Industrial,Afternoon,296.5217390726229,1,1
18.182496720710063,63.183721216979926,260.96890861863847,3468.411128907443,3.997017217523781,532.4206822752171,5.549096061194049,Road,Residential,Morning,391.54615500188083,1,2
18.34045098534338,44.84455219783198,155.65141713782162,1103.848063943802,7.025382596783711,411.09560260070657,9.67615666405932,Park,Industrial,Evening,327.9773458083403,1,3
30.42422429595377,29.32107716980645,177.38263072347877,411.9052280792135,9.947254250990508,347.3433262588427,4.457860416872202,Residential Area,Commercial,Morning,266.46331637789945,1,4
52.475643163223786,32.8664545369916,119.70081116103908,3402.4965103735653,6.956552708644408,899.8333456872724,1.3509641131742045,Park,Industrial,Morning,374.15215192542576,1,5
43.19450186421157,67.25184560770384,16.4284916466094,3272.556071405676,6.020050756330225,21.8233967754895,1.2786021182740916,Residential Area,Commercial,Morning,590.6876879515071,1,6
29.122914019804192,75.237452943768,100.55917249377028,1366.2976349910466,7.575854592153215,663.789686175589,4.4918808395218255,Residential Area,Industrial,Afternoon,495.0206785278063,1,7
61.18528947223795,79.15790437258485,240.85603457940343,4754.317811252052,5.186850510553463,963.3944342135504,2.4402244281687464,Commercial Area,Residential,Morning,1033.8536901734803,1,8
13.949386065204184,78.96181427945538,1.3896069013808576,755.2894589045012,1.541281083407067,560.168183461842,1.2101688669536732,Park,Industrial,Evening,238.5250874259183,1,9
29.21446485352181,9.120610304869036,100.04975150734326,2161.6740052130094,6.0606713429011885,936.8224620330918,7.805922525551591,Road,Industrial,Morning,145.07192790432816,2,10
36.63618432936917,49.44203047025815,119.450608077283,4718.079600837995,9.618627560548422,52.257879286023766,5.126707079937016,Commercial Area,Industrial,Evening,435.94574984662404,2,11
45.6069984217036,5.755876001664428,161.21868088137686,2098.636584630612,2.577726481218937,418.7933190741614,3.603202947753891,Commercial Area,Residential,Morning,127.24636477862651,2,0
78.51759613930136,54.95288823237355,275.95668492382816,3192.629738320428,7.210044017385991,260.15779096205114,9.100748647148327,Road,Industrial,Evening,1115.1102351264406,2,1
19.96737821583597,44.1530501373377,103.90379830978836,1987.9719898139715,2.8084031979315083,730.8209649807297,2.0452506418047305,Commercial Area,Residential,Evening,213.27976544254227,2,2
51.42344384136116,88.77041827582998,104.0859605688683,1371.07601174335,5.822449160257731,981.2970904972468,9.603269460597874,Residential Area,Commercial,Morning,1017.7391981043793,2,3
59.24145688620425,35.09150125520787,221.2503744329245,4919.888239799141,1.8700880468204768,256.5300624442478,3.825700456396176,Residential Area,Industrial,Morning,515.9962419961646,2,4
4.645041271999773,11.706701642760589,135.66538226694215,2046.670031575215,5.053338426323666,654.1746014740745,8.995633050778132,Park,Residential,Evening,144.01868567055976,2,5
60.75448519014384,14.299168205283586,67.38144688199459,4470.496018395672,7.805469960057215,198.0976327597401,6.426485888315154,Park,Residential,Night,233.30710425569384,2,6
17.052412368729154,76.15106317174723,135.73185483980802,1149.773029455431,4.128143718150839,565.3302545716099,8.440366237673388,Road,Industrial,Afternoon,391.3659065416396,2,7
6.505159298527952,61.82180633162611,42.25710611393996,1065.5235201254166,6.984205520384962,463.9324866883362,9.85611846889418,Park,Commercial,Night,141.48241294027707,2,8
94.88855372533332,10.112267612279023,52.91609595186699,155.6704144225568,8.159049647107562,972.005329631537,3.5956489403687115,Residential Area,Residential,Night,227.81174546541064,3,9
96.56320330745594,8.410680611499743,149.51033182184392,3258.334126879425,9.344600375315077,608.5272726964665,9.650219368668337,Road,Industrial,Morning,327.3236643213322,3,10
80.83973481164611,70.096913145912,125.67763485136436,1842.6317186188055,3.111778736699082,349.5063720868188,4.505337054121783,Road,Commercial,Afternoon,1188.6384555608815,3,11
30.46137691733707,7.276300636419353,274.45377032043,4321.791249198185,4.593843242283773,114.09578488793338,4.4696071426323005,Park,Residential,Night,182.2031495259551,3,0
9.767211400638388,82.18600592903562,108.71816973498991,2366.049533457786,2.371744119973757,151.24682873493455,4.063483938290551,Residential Area,Residential,Morning,225.37770228783097,3,1
68.42330265121569,70.62422271564962,174.17650508341305,4840.967139573609,9.932351519425376,225.3169299512351,5.872668466128267,Road,Commercial,Night,1070.1463478404035,3,2
44.01524937396013,8.134878064189976,189.6792863758591,927.6275785156056,9.343008711318658,250.966661340298,2.387305388606384,Residential Area,Commercial,Night,128.9408784965343,3,3
12.203823484477883,8.483771408519193,3.928336976500091,4343.115839778054,5.859614172525037,850.6160578411378,5.983403368222101,Residential Area,Industrial,Morning,36.99907285970403,3,4
49.51769101112702,98.66395785011754,199.0612116050132,3882.9842639587087,8.578299649387791,561.2227882825249,5.875343311690036,Residential Area,Industrial,Morning,1097.2053354556792,3,5
3.43885211152184,37.427079575612034,53.41079006092543,3854.60922322026,5.68862179544838,523.3909113743664,7.85711631344383,Park,Residential,Morning,84.98812964517447,3,6
90.9320402078782,37.06421470668909,288.32109524083654,4223.916140584438,6.612271192024838,114.76887186921746,8.50284965743827,Commercial Area,Commercial,Afternoon,927.6642155700118,3,7
25.87799816000169,81.27995672575025,44.59881832593389,3805.1199547149945,1.8021198890441497,860.139693349435,4.963972152811817,Commercial Area,Commercial,Night,462.5689982738009,4,8
66.2522284353982,94.72485773838586,124.38723711810712,3131.101608157077,7.797433784471272,722.8143032084837,3.720999244163444,Road,Commercial,Morning,1297.6741471342327,4,9
31.171107608941096,98.6001063822871,25.60490042359316,656.2243884119379,2.149421352717113,67.66836190000159,3.33401407585385,Residential Area,Residential,Evening,633.3146855509905,4,10
52.00680211778108,75.33781852589416,299.0622755537842,162.6308974562596,8.434608672272756,707.8350972297686,2.7516145303438475,Park,Commercial,Night,871.1330102927018,4,11
54.67102793432797,37.62595855309158,150.65850309937278,4604.239239078434,8.038252789033473,543.538217342646,1.5188282397912238,Residential Area,Commercial,Evening,447.3755773355048,4,0
18.485445552552704,8.350071669866876,178.61550519601315,3083.2515726036904,7.378702279686788,81.72534574677826,4.08203180951242,Residential Area,Residential,Afternoon,114.10799594226546,4,1
96.95846277645586,77.71469159274368,20.122943216528245,3982.6864548808817,1.325443424722859,458.30064152865646,3.4322292291770493,Park,Industrial,Morning,1506.407907654659,4,2
77.51328233611146,55.8404249735805,224.98814111975332,2407.6117575627504,3.728155203507957,484.696287130047,9.697756472797666,Commercial Area,Industrial,Evening,1088.0393065530625,4,3
93.9498941564189,42.42220092469763,62.97167792867573,586.5409448119724,3.368013129197586,165.77454016327576,6.019379436250396,Residential Area,Residential,Afternoon,839.5625755048218,4,4
89.48273504276489,90.6354385094736,269.4162868322141,625.9289610127522,4.241227667243672,945.6981470002823,4.125493351274568,Residential Area,Commercial,Morning,1720.8628038422082,4,5
59.78999788110851,11.119748230615134,61.54189214460215,3427.826436144857,1.7887847208745469,849.9753714806619,6.224208408943264,Commercial Area,Residential,Evening,191.82504014435023,4,6
92.18742350231167,49.26251042908592,57.20631619909997,2151.529474497313,9.432620407279565,669.0223373291083,2.2527703121112594,Park,Industrial,Evening,922.2298887410194,5,7
8.84925020519195,1.1353644767419069,10.964900354428464,1002.6236335016836,5.9842201664113865,462.2955610006072,4.996393742819826,Road,Industrial,Afternoon,15.346366812200813,5,8
19.59828624191452,46.86606419941263,141.6200835329998,2457.9727337071845,3.749718795922212,411.7655415845085,6.636108892789575,Commercial Area,Residential,Morning,293.23636618622186,5,9
4.522728891053807,5.630327568183735,169.45233997878492,321.04468537567044,4.572833653668551,650.9734671509542,5.400080486132063,Road,Residential,Morning,104.36048168274988,5,10
32.53303307632643,11.881791626807193,19.71259182850571,2909.857009571994,5.024822864543521,545.4318694069054,4.616009205888918,Road,Industrial,Evening,100.49724195806755,5,11
38.8677289689482,11.752624677710488,232.6582850085032,1344.9670221754884,6.405349000245556,62.27310588188561,9.944635500097284,Commercial Area,Residential,Evening,333.50749866923644,5,0
27.134903177389592,64.92103021160635,135.98665042440828,3987.795503185941,5.64111484926848,512.5026487703317,8.922832859340343,Residential Area,Industrial,Evening,489.34242156787354,5,1
82.87375091519293,74.60448792654233,157.31708079827402,1551.8097946178689,9.274527758929755,806.4036172328395,6.610653623434961,Road,Residential,Morning,1333.2485030515193,5,2
35.67533266935893,58.33687650971597,132.22882408146845,2276.100745409006,5.472671346152472,459.2398775969581,6.124396250640545,Road,Residential,Afternoon,508.20520673075856,5,3
28.093450968738075,96.2172548474542,120.2289182625978,58.10269954050318,9.929422133409814,51.956577554268414,6.585944318421257,Park,Residential,Afternoon,628.4959607518798,5,4
54.26960831582485,37.48705795237041,167.89209939246535,362.2344389727944,8.662824619705862,786.2781993840331,2.8118089704019,Residential Area,Industrial,Morning,462.38385970029276,5,5
14.092422497476264,28.571208628186078,46.57207377921375,1962.467782033424,2.8765946292160223,201.3637821359744,4.556239689378868,Road,Residential,Night,114.62160661544931,6,6
80.21969807540397,86.85991281894603,54.57843914858134,2399.6941735856176,9.375356931795244,258.6208348880388,1.355135796018094,Park,Industrial,Afternoon,1389.5951876774543,6,7
7.455064367977082,22.359583851945263,258.5356863040552,3000.1027405965187,2.0472975809692846,164.70635343229588,5.27991433738144,Residential Area,Industrial,Evening,184.13983526811018,6,8
98.68869366005173,96.32225394406112,283.8346386400898,1458.312893546516,8.357047376420724,330.21506487149753,5.887221255618969,Commercial Area,Residential,Night,2046.297133686503,6,9
77.22447692966574,1.215447468981634,111.99279488392588,3474.909430632713,4.4256096412892205,756.751505688635,3.0497476249288864,Commercial Area,Residential,Night,76.63632265481914,6,10
19.87156815341724,96.98788267076392,81.22340194306614,4300.611985946023,8.901768884005627,519.3858595039374,9.676259624489624,Park,Industrial,Afternoon,483.8125466038869,6,11
0.5522117123602399,4.315991195057611,193.19986297170476,3899.254944466749,8.812510210967053,204.88127415071256,9.185091498435176,Commercial Area,Industrial,Night,186.34121746676385,6,0
81.54614284548342,89.11431136980711,122.62025132942892,198.0941267417857,8.253328601058591,877.8300781520409,7.499289119103153,Road,Commercial,Night,1534.0906355412062,6,1
70.68573438476172,52.77011090862999,7.615906698103458,2402.534736289145,8.110273926763552,879.5818549515292,5.800479658888263,Residential Area,Industrial,Afternoon,756.1160664383254,6,2
72.90071680409874,99.29647961193004,46.84577920985711,524.6508920908743,3.742112251882367,870.5784250460069,8.829722436829165,Road,Commercial,Afternoon,1482.4845016718195,6,3
77.12703466859458,7.379656473539886,214.79166865421925,1210.2250793126373,1.7282735474612696,238.79621138153928,2.1758710944111663,Road,Commercial,Night,181.54891992625647,6,4
7.4044651734090365,55.38542844013208,197.6771825730454,4933.312966335732,4.626821608886453,451.2393441809881,8.114588148473965,Commercial Area,Commercial,Evening,263.71770011358916,7,5
35.84657285442726,96.9302535619099,8.128797751045047,712.4777145075661,2.561720634878578,984.9896561408752,2.1233873257016347,Road,Residential,Morning,705.0585649103016,7,6
11.586905952512971,52.30978441701488,66.59164857988483,2494.4407672567804,7.254559800122156,772.0124763099903,8.147895962944649,Commercial Area,Residential,Night,193.07333704131935,7,7
86.31034258755935,62.93986381352625,69.32243897642142,3090.7786715905954,4.11489753884007,27.167421225559817,3.481908114262213,Residential Area,Industrial,Night,1109.6712636871766,7,8
62.329812682755794,69.57486889846172,201.5678230796185,3512.32485272052,9.780491807739232,65.20459126049205,8.8938152291637,Residential Area,Commercial,Evening,1048.21111090665,7,9
33.08980248526492,45.454106476777326,5.913161326309247,2798.2434174345703,6.768748696107988,463.9313768123328,9.49637884442858,Road,Residential,Night,320.590922107867,7,10
6.355835028602364,62.75580800840635,31.232574595372157,48.85423709591829,8.40232507270925,909.2202058615602,2.3391637246460406,Park,Residential,Night,101.57521814635777,7,11
31.09823217156622,58.43143119231002,239.9748256119568,1632.3065412199594,2.192722054676636,538.7017979527142,5.164080445588541,Commercial Area,Residential,Morning,501.43791485529056,7,0
32.518332202674706,90.11580104909888,53.56339861630008,2588.558216923557,8.758130340453603,497.8125080342902,9.828886403464166,Commercial Area,Residential,Morning,651.1661109952092,7,1
72.96061783380641,4.544638034145788,195.8238323555624,439.3324957241668,9.30481471462055,105.47369995663058,5.35066692375832,Road,Residential,Morning,184.8084427352154,7,2
63.75574713552131,28.096318959223037,71.45483431401796,1753.1346560459035,5.383557269370424,656.780104724294,8.771927702630906,Commercial Area,Commercial,Afternoon,435.84095387373407,7,3
88.72127425763266,95.04114840765588,29.832417827803543,166.01554395683283,6.456276439758797,822.1031606002255,6.298583699181878,Commercial Area,Commercial,Afternoon,1691.000099153588,8,4
47.22149251619493,89.02637838909163,72.95165729983623,392.8924857751037,7.883288208126959,380.42000750756233,4.377969171276417,Park,Commercial,Morning,875.5727564766437,8,5
11.959424593830173,45.56567527857129,216.6800795566977,1984.6163810079804,2.573547645343713,775.6118509253274,3.572051999732832,Park,Commercial,Morning,204.3427888930749,8,6
71.3244787222995,62.01325978015368,256.7089404318857,663.5787702153018,5.523094688170982,964.4766539008116,2.8290078197747857,Road,Industrial,Afternoon,960.2126694430822,8,7
76.07850486168974,27.738118298113267,249.0659593700975,2837.7042413077907,4.587967249950818,203.7664591276891,7.856183722399275,Park,Commercial,Evening,630.7175116244077,8,8
56.12771975694962,18.81211597237613,119.15505888553643,3447.324845686329,2.317365929460242,523.3296311947413,4.478864561407251,Road,Residential,Night,281.19168644332916,8,9
77.0967179954561,46.36984049399822,200.42554097119384,4002.933495545414,4.307809800623783,287.1379580845756,5.60147915980676,Residential Area,Commercial,Night,836.211654669667,8,10
49.37955963643908,35.33522280260528,61.49528862474629,1000.7512212240504,1.613550784469442,792.8544190338393,5.430929320010637,Road,Industrial,Morning,395.00698399118426,8,11
52.27328293819941,58.3656111850872,87.94431907830398,837.4129112953487,1.232307162545383,577.5933658811575,6.195511263098181,Residential Area,Residential,Evening,673.885342933539,8,0
42.75410183585496,7.773463696498483,268.90074555633595,522.8392016720013,2.2164966023934047,634.5824175503037,8.79019431062097,Road,Commercial,Afternoon,316.25343625429844,8,1
2.541912674409519,97.43948076661664,3.9005770532208106,3182.151247718184,9.668036004302564,797.914159615894,9.826654092250864,Commercial Area,Commercial,Morning,82.48629431541059,8,2
10.789142699330444,98.62107444796028,25.652559256340425,3532.3786324345056,5.945765823055153,395.9704726624549,4.668257877164352,Park,Commercial,Evening,248.35555793188604,9,3
3.142918568673425,69.81617140197451,62.3658765438082,157.9307241282102,9.69239945037898,915.0900684070432,8.447670298956726,Residential Area,Residential,Evening,114.96333881591198,9,4
63.64104112637804,53.60963663441204,7.959661162145915,4681.061231218449,4.892480904971188,533.02886724614,7.880750151892458,Road,Residential,Evening,699.3610708280177,9,5
31.435598107632668,30.95276162863277,54.4306305269392,259.85641825736207,3.806345197767336,157.954822835348,6.16176056310016,Park,Industrial,Afternoon,239.8023258001345,9,6
50.85706911647028,81.37950197069486,174.91246829090764,2706.4816765053524,5.555276765562197,695.8991181688025,9.604424292507398,Road,Residential,Afternoon,1000.4749881358598,9,7
90.7566473926093,68.47311725538793,126.42736517774938,3545.302597254582,4.955605197696191,793.2613504382545,2.804270639755625,Park,Residential,Night,1276.076453010636,9,8
24.929222914887493,16.26169393448913,267.8015133230925,4354.845618730428,1.9509821583556952,316.76167706752665,1.9833778927865928,Park,Commercial,Night,152.97904341673006,9,9
41.038292303562976,91.09271844938424,245.23306852153223,3570.434660662139,6.767436832211856,857.179256998753,8.6856577025988,Road,Residential,Evening,968.4105080076148,9,10
75.55511385430486,82.2537242923169,102.5452055093628,4008.6404153489593,2.9443436425863965,906.1432547657664,4.952348349703735,Residential Area,Commercial,Evening,1294.161643526668,9,11
22.879816549162246,94.9799913291924,77.82703002938774,1697.2509627140305,6.576291594080466,276.90448737780895,8.622719687863544,Residential Area,Commercial,Afternoon,518.0267059336018,9,0
7.697990982879299,72.571950838836,113.90772245018007,4074.125568732561,6.85180983158338,983.521472715222,9.037811846758734,Commercial Area,Residential,Night,237.81132104853174,9,1
28.9751452913768,61.34151959357899,177.0884827544423,400.5742319233757,2.368223678157833,140.71152804875842,1.562118342571643,Park,Industrial,Evening,396.7993739522774,10,2
16.122128725400444,41.82430362906189,80.41909224686287,4474.083280302638,1.5521466439960134,202.01566840249,8.951182866874547,Commercial Area,Industrial,Night,226.89767422601324,10,3
92.96976523425732,93.27284833540132,187.2446723547402,2737.961880768681,8.026854274615959,184.2248392380261,5.0348714983248,Commercial Area,Residential,Night,1812.0456571234186,10,4
80.8120379564417,86.60638895004084,122.82349565737212,4086.488849812468,5.138203813923882,893.9897100078704,5.59389240103809,Road,Industrial,Evening,1463.4791511161125,10,5
63.34037565104234,4.521867010618941,165.61415425559406,2261.5914225915008,1.523474159549282,654.2925523249619,6.639332599838892,Road,Commercial,Afternoon,187.58514592250458,10,6
87.14605901877177,2.6366974497252005,130.837958740595,3217.8884759826246,9.953796854527903,152.10428322227287,9.33744346057078,Road,Commercial,Evening,188.5846334845134,10,7
80.36720768991145,37.64633668780496,88.3397278625753,2632.013304680566,1.5200250489672995,440.323418368349,1.1720448498678762,Park,Residential,Evening,626.0740037088409,10,8
18.657005888603585,81.0553330781833,284.535992088647,3657.9476087766593,7.255317059726979,615.2980250698021,5.291591214860354,Road,Industrial,Night,470.4977195151403,10,9
89.25589984899777,98.72761293149443,229.08173824792823,408.1499101529479,9.853110327370722,83.4640849893833,7.189498381875046,Road,Industrial,Evening,1905.7081757645976,10,10
53.93422419156507,15.041689110352818,42.03395272993576,301.760419952819,3.1526209379433308,882.4163684073387,7.504362619284056,Park,Commercial,Afternoon,210.42507817201385,10,11
80.74401551640625,59.41307153521351,260.54039276937385,1235.5161700507322,2.2802443181847654,803.6035354415352,7.232791883833972,Park,Residential,Evening,1149.8507849878215,10,0
89.60912999234932,38.08908566310215,146.2293594748541,797.7234005659417,2.09246445480186,505.2067735766382,2.2099161646730967,Residential Area,Industrial,Afternoon,723.5870657868953,11,1
31.800347497186387,96.99143978146031,268.3656680682274,4358.917832961009,3.72947632810836,967.1266152591704,3.694560295345131,Road,Residential,Afternoon,731.2875261385867,11,2
11.005192452767677,84.21189231357087,239.95657678419457,1096.0699367902216,1.90941229909582,417.7609792750997,4.228439728753122,Road,Industrial,Night,307.94677476641516,11,3
22.793516254194166,83.83287047111378,127.56405134077004,4879.326279095657,7.229452075247187,984.1103190364978,8.239934869115544,Road,Commercial,Morning,506.0062119468755,11,4
42.71077886262563,46.86931597949703,6.740792496035219,1684.4789588555343,1.560626183170564,667.9199988036271,3.508838851730977,Residential Area,Commercial,Morning,414.9106715232806,11,5
81.80147659224932,41.48195023376652,80.60320781548383,910.5895784434964,5.584799153348108,634.6712732539414,2.8963446748048285,Road,Residential,Night,707.4755886293842,11,6
86.07305832563435,27.340707193070624,162.49026439826008,3948.492535712396,9.970271684676792,165.954895295785,9.617032171342863,Residential Area,Commercial,Evening,638.4531649530358,11,7
0.6952130531190703,5.637549665092712,190.04346594784417,3293.5388775043807,8.325732425554168,881.9277583046439,1.07976956602122,Commercial Area,Industrial,Night,32.05540925940795,11,8
51.07473025775657,86.47223762550531,77.36630562996069,2490.978582265695,6.536974944079098,427.4896879206152,9.980387701137804,Residential Area,Commercial,Afternoon,966.6204291092986,11,9
41.7411003148779,81.29010091300776,41.80682222184724,2776.817754688156,3.756282587079505,162.23340578247937,7.091391689716561,Commercial Area,Residential,Morning,718.8187071613559,11,10
22.210781047073024,99.97176732861304,250.47907103978972,3596.008891361319,6.6150625266247465,12.60751997575904,8.456223695042054,Road,Residential,Night,670.4560435601186,11,11
11.98653673336828,99.66368370739052,295.32065421106563,1142.2737066564937,5.743373175204865,559.7556836383826,3.6515745671157385,Commercial Area,Residential,Evening,368.52244253637934,12,0
33.7615171403628,55.543170560262745,157.70705469080576,4981.669580283709,4.834750455013343,527.3996221226763,1.1288374990035397,Residential Area,Industrial,Night,408.40857505759124,12,1
94.29097039125192,76.89874151805105,51.50378575449105,4873.965810733916,2.1763933906617954,719.3536223691585,7.64082566705377,Park,Industrial,Morning,1485.9319581729044,12,2
32.320293202075526,94.4765729882428,81.69219795581068,3251.6284317346845,8.9794379371642,890.2580530178021,8.507301373006083,Commercial Area,Industrial,Night,693.7075380387109,12,3
51.87906217433661,84.96473906774115,5.51720296424002,997.7122546457256,5.048061839391902,79.40658464302952,7.664285187581672,Commercial Area,Industrial,Night,890.6236261852698,12,4
70.30189588951778,24.734810174319765,274.2896419681497,3401.1412121564567,2.7516026063868857,731.4964903403624,2.285652585707547,Road,Industrial,Morning,428.1038911827405,12,5
36.3629602379294,45.05441353100935,35.32532486704234,360.9920448958792,4.309834157895606,187.41194409758225,7.7808513003127215,Residential Area,Commercial,Afternoon,367.2891744826024,12,6
97.17820827209609,12.915941515149498,172.95494265427607,153.26251102903032,4.727167772760343,858.177053157164,7.920305038968769,Commercial Area,Industrial,Afternoon,406.9899949096163,12,7
96.24472949421111,95.40510272587224,82.2165662061618,1288.4144425560685,8.447841060101869,819.0635138616561,6.926864641030494,Commercial Area,Industrial,Morning,1874.4370468138218,12,8
25.178229582536417,60.617463445088006,166.253400754738,2313.114783696581,7.602529425052618,540.7937549855444,7.895043395160275,Commercial Area,Commercial,Night,450.8046674932031,12,9
49.72485058923854,22.864280550346272,195.4261165055593,4341.362527041903,7.923744042772058,710.2427986233115,8.613292957099588,Commercial Area,Industrial,Morning,410.45933629273713,12,10
30.08783098167697,67.17006844058567,248.9225411121605,3635.84534883154,1.099281379857825,314.3501131837484,6.522437028137126,Park,Residential,Afternoon,581.764620038283,13,11
28.48404943774676,61.81282404578958,61.92638152818096,3713.532605999905,4.745385983617854,471.1678989328146,1.7974424257271115,Residential Area,Industrial,Evening,377.4499133083673,13,0
3.68869473545328,35.81627180328405,3.2987485975441437,2127.4666722403767,5.332097364717913,821.6368977104717,5.388650287004898,Road,Industrial,Night,43.6103825293917,13,1
60.95643339798968,11.355759219962902,41.06568902064218,1729.6749627348145,1.1727304914075103,459.2651971732139,1.6988440120444457,Road,Residential,Afternoon,161.26721336137183,13,2
50.26790232288615,67.15731955927996,270.0055925544316,1855.1938149230132,3.338318878705308,357.7982653254418,4.667887279291877,Park,Residential,Night,809.0339986425016,13,3
5.147875124998935,52.03077009037933,262.1670232687546,4938.247818680289,7.842608408099215,494.2124472502999,4.663958402130649,Residential Area,Residential,Morning,194.4777080703821,13,4
27.864646423661146,77.23183917356393,179.2239306510925,200.5459570624124,2.233987351560992,828.2492524372184,1.594088597262174,Commercial Area,Residential,Evening,473.4161086038322,13,5
90.82658859666536,52.01635011119934,180.155058130096,4335.157480612243,5.817791183073325,335.20804737087275,4.139384805725314,Park,Industrial,Morning,1023.6544036948661,13,6
23.95618906669724,85.21815003185401,199.51100236387663,2893.377042861967,2.936816848155137,173.7615931357438,1.9989828891218333,Residential Area,Residential,Evening,465.14152857122696,13,7
14.48948720912231,55.19068387744856,52.61138358703488,2193.0770959479523,1.1090869717950396,712.0140203307808,8.274116890083,Commercial Area,Residential,Night,223.40116460474184,13,8
48.9452760277563,56.093797153538624,274.32358377748795,3626.2883020756826,3.170813118395873,825.9782127080819,9.529192233680236,Park,Commercial,Night,821.535546637804,13,9
98.56504541106008,87.66536026583451,125.63115746762192,2433.344707123514,9.782863794190485,100.63747852353332,1.6508482773214477,Residential Area,Residential,Morning,1729.6005573870714,14,10
24.20552715115004,40.3482866212397,114.94155847484924,4367.116190408303,8.213834006946907,239.87411275594476,9.596036865625312,Road,Residential,Evening,319.6159396546119,14,11
67.21355474058785,13.401522845064074,155.67531158485127,4503.509320056292,9.6361897988893,141.9719897609939,5.703189394030707,Road,Commercial,Evening,284.8246565002983,14,0
76.16196153287176,2.8782676313338973,14.089790032516516,2108.604634367277,5.390686395337262,347.9414115821666,3.696091101584865,Residential Area,Commercial,Night,68.68818854365554,14,1
23.763754399239968,75.5137255673619,49.88501062682382,1384.138986175258,1.987625788097532,450.3509789054127,1.6917586774854716,Road,Industrial,Morning,381.19506661980523,14,2
72.82163486118596,62.03095513534647,221.41008492791116,2961.7516429668112,5.931635400763237,748.8263369633065,5.50561841263376,Residential Area,Commercial,Evening,1029.503767312661,14,3
36.77831327192532,70.40797680992236,24.83960037753794,4561.816728083455,5.089396011039648,651.1475848816741,8.150639900416738,Commercial Area,Industrial,Night,554.2122932023002,14,4
63.23058305935795,21.296416150891076,180.94563283991647,1053.310945028333,8.599213744656543,620.9285674784312,7.363778295400284,Residential Area,Commercial,Afternoon,414.37195862706324,14,5
63.35297107608947,13.637147558676975,73.60473290439629,3114.832917817414,1.8827432270582007,352.3749466096544,1.4520341031757638,Commercial Area,Commercial,Morning,201.68968736921272,14,6
53.57746840747585,1.4544665667881929,116.78868421259295,3157.801100462603,5.394170233196004,841.44755308476,1.6561165183111315,Park,Industrial,Afternoon,53.50194713474855,14,7
9.02897700544083,35.058755880659696,86.60812103120996,3665.565112076405,2.3504379822458583,471.28716739816457,4.625859543693734,Residential Area,Commercial,Morning,120.65184355208254,14,8
83.5302495589238,58.991768685463306,106.70181493948472,657.838425636299,3.92208334201054,979.1049380151544,3.6576144464314897,Park,Industrial,Night,1026.1972217182515,15,9
32.07800649717358,39.22440450997323,215.71377155527364,3579.124823410443,7.636213696490197,634.1421382957368,3.0914589075044305,Road,Commercial,Evening,332.93318601160956,15,10
18.651851039985424,43.7474922023729,89.13651468695251,4545.162603328205,5.284163164318898,126.26474156450274,3.5290404901784225,Commercial Area,Residential,Evening,211.1107902127976,15,11
4.077514155476392,90.41586944937484,169.92139208906914,898.4155443512099,4.382994566311924,676.177562075434,8.23134468967196,Residential Area,Commercial,Evening,237.807375085346,15,0
59.08929431882418,34.82554670233004,142.8151206597299,1187.7166246193883,4.550286507130318,325.104015431699,9.363052482686683,Park,Industrial,Morning,555.9532708451651,15,1
67.75643618422824,51.39894891598108,199.10134960879444,4856.975470208198,5.13502091565388,686.3271966860974,4.645924250748098,Commercial Area,Commercial,Night,800.2340033645544,15,2
1.6587828927856152,78.3653012741143,281.0489217974274,904.8847635474488,8.065148894533511,69.64114816240574,9.154999019192472,Commercial Area,Industrial,Afternoon,300.684965511342,15,3
51.2093058299281,39.65427823212701,219.7716291630751,4271.925466847895,9.02876220046211,174.88143717595938,3.8934613112309377,Road,Industrial,Night,502.8580605373492,15,4
22.649577519793795,62.20867002278735,64.48211357722703,2461.389282240174,9.598012178535354,855.7372589057863,5.287932877094125,Road,Residential,Afternoon,328.8007881598611,15,5
64.51727904094498,86.23637087467452,9.3549405183854,1236.1553720158852,8.082130476297657,227.1795570235149,3.0342609803439977,Commercial Area,Residential,Morning,1110.6946403523423,15,6
17.436642900499145,94.9520623657642,78.67921328994753,4353.7495063625565,3.8386620617321143,837.0411252429401,6.764284379582596,Commercial Area,Industrial,Morning,407.5953505224469,15,7
69.09377381024659,14.707348092903793,178.52337921007646,2226.5262750133274,7.193212354778879,279.27608845441046,9.81083003657328,Residential Area,Commercial,Afternoon,393.0926478682211,16,8
38.67353463005374,92.65876251614944,15.427744045275103,2574.086769648451,4.938428116498527,642.8819100587076,6.431437864390408,Commercial Area,Industrial,Afternoon,738.1141382316589,16,9
93.67299887367344,49.21162930795382,148.9098741603709,1796.1668469988283,3.2920355984144605,694.150573509831,4.22032675702194,Residential Area,Industrial,Afternoon,989.1407775121354,16,10
13.752094414599323,25.82443882989584,179.05285467506675,2964.754257174637,8.567844214833304,512.654753145053,6.830357013914755,Commercial Area,Commercial,Night,206.8017225175696,16,11
34.10663510502585,45.91357562382613,100.27316724508825,817.6193629251138,1.345837140660925,305.31067669673126,2.106286106188488,Road,Commercial,Afternoon,346.71141315933005,16,0
11.347352124058908,98.0032575285477,231.27366112374656,1955.4076832588037,9.115857929218812,212.6443763710961,8.997931722388588,Residential Area,Commercial,Morning,448.9857541985589,16,1
92.46936182785628,49.26180939928696,31.97947594013154,4847.061611676438,5.153297181622607,33.18935456242622,5.527755557018527,Park,Commercial,Morning,934.6965753985185,16,2
87.7339353380981,32.875161028750824,22.54133452074263,1290.6671635056375,6.734813291274524,303.9464012407238,5.0441476783567785,Road,Industrial,Evening,596.7243162651099,16,3
25.79416277151556,63.34008543167258,218.456626861081,3283.683322706461,6.934185299852045,653.162790531283,6.272783096081673,Residential Area,Industrial,Afternoon,478.13909468748193,16,4
65.99840460341791,24.014561877819308,148.64739486185954,1625.9503211234744,9.056059666358829,938.3048184484828,6.623054765104622,Residential Area,Residential,Night,427.1495247383774,16,5
81.72222002012158,7.586332810866391,206.5207189283208,3867.365628433003,6.730027139504866,871.204482263052,1.6459822560386173,Park,Industrial,Night,180.98167648019546,16,6
55.52008115994623,12.887972191064922,130.44820158112387,654.3683035917492,6.525402262840556,766.0647765353026,7.143554991010622,Residential Area,Commercial,Night,250.673729958014,17,7
52.965057835600646,12.804583895777244,73.92060997173205,4849.105225392724,1.5998683650462096,788.4473432532986,3.177385122839766,Commercial Area,Residential,Evening,179.32553733407235,17,8
24.18522909004517,15.190269351229436,245.7306953022599,2268.947706918196,5.6656721975068365,664.9849034759952,7.4255736925593085,Park,Commercial,Morning,268.51889126176445,17,9
9.310276780589922,13.882717264941014,239.82476369069377,1180.2523167323195,2.3515210073533748,260.286857566003,8.40281314945777,Road,Industrial,Night,237.50664881277737,17,10
89.72157579533267,64.08747448032146,208.40894125632803,367.4837366500633,7.63690391849337,907.1950307058298,8.235626567972684,Road,Residential,Morning,1315.4599889025676,17,11
90.04180571633304,18.188008439914483,81.6435411689888,848.7895254377037,5.60999728731407,670.7323119058341,5.972508706671002,Commercial Area,Commercial,Evening,393.4609764551036,17,0
63.31014572732679,34.56672833238632,177.06920006072613,2598.8697427800885,7.12205001287518,560.4406309804399,5.68152903079676,Road,Residential,Afternoon,548.2847443425529,17,1
33.90297910487007,89.67884099060119,108.29216908200804,1685.0158821564314,1.3750561054214585,110.98946921348109,2.285883652054705,Residential Area,Residential,Afternoon,643.6558477867796,17,2
34.92095746126609,47.39616402628724,27.474621997990244,4144.416829413048,1.7631281444122289,447.0555438064254,7.978115353628221,Residential Area,Industrial,Afternoon,370.2598420437631,17,3
72.59556788702393,66.75577385210272,275.1940726386728,2154.43761830903,7.4469104925641405,460.3582712019263,3.4426844240204293,Commercial Area,Commercial,Night,1066.1592338379187,17,4
89.71102599525771,17.231987120162984,41.04558927568842,1243.5713629381496,1.6487590239880603,864.5636095226699,5.470258805361519,Road,Residential,Afternoon,349.48932721006554,17,5
88.70864242651173,19.22890188086708,285.07120614624074,3085.7249330201503,1.6413105498873275,546.6482201877885,3.5584668363476504,Road,Residential,Night,461.755667688044,18,6
77.98755458576238,4.086861626647886,133.80173188738672,3533.886084427229,1.108976277113987,380.40054897040966,2.2044552669972384,Commercial Area,Commercial,Evening,118.01090417844057,18,7
64.20316461542878,16.893506307216455,55.53987865158589,835.2095395047493,9.60851258469532,976.8003285106594,6.666019272025629,Park,Residential,Evening,267.3501294968215,18,8
8.413996499504883,27.85903390319586,162.57028421350745,838.0960814415884,7.637575235131062,110.72059332631568,1.4889883134061344,Road,Residential,Night,80.58163703935986,18,9
16.162871409461378,17.70104842767468,261.8837507629225,183.3571346677149,4.179262676518578,422.54842831194463,7.7378071071358,Park,Residential,Morning,268.81282898430834,18,10
89.85541885270793,8.87025337570556,219.6674659228684,3682.010075328202,3.668820231588897,42.02467517140529,3.85828115735005,Road,Commercial,Afternoon,266.25340375028713,18,11
60.642905965959,12.06358711006008,241.9683443584349,3319.0226381090256,4.147329067712646,739.9041207669303,1.001212237040368,Road,Commercial,Afternoon,190.39105665674623,18,0
0.9197051616629648,46.077876803272574,197.6350100132152,2373.1543787490696,7.971881780630636,918.0765521991508,5.6001622531350685,Road,Commercial,Afternoon,136.05008835005077,18,1
10.147154286603213,20.63337184057925,207.6829693553557,4220.852244845985,6.95233549963373,280.03732955048946,1.421667176748428,Road,Commercial,Night,86.03389158316168,18,2
66.35017691080559,36.42698610480755,254.75869546959575,4028.350764750266,2.6667601108072114,858.3416767991209,3.485526020388096,Residential Area,Industrial,Evening,587.6245785304984,18,3
0.5061583846218687,50.34172708548569,74.90040265775578,2926.7718219837607,2.56698401800676,292.21823046189775,7.362788387101445,Park,Residential,Afternoon,79.98971953004923,18,4
16.080805141749867,69.03948286293652,146.82748909294213,4341.356402566294,1.885560847420576,910.7701616439152,1.564206594596793,Park,Commercial,Evening,267.93889943565443,19,5
54.87337893665861,3.9312139841098936,66.36283254588066,1029.2060501838412,6.942724477312043,753.9619035967839,8.554046431204021,Road,Residential,Afternoon,116.20386828245233,19,6
69.18951976926932,79.94103989090426,296.3004023989941,559.5980969886393,7.879353959995623,804.9067768414386,1.034379303927248,Road,Residential,Afternoon,1135.2963517204894,19,7
65.19612595026005,62.79003894909078,283.217801905984,1348.748057584948,3.385417854925036,18.006555600454497,3.2214148228171204,Park,Industrial,Night,914.8566264689782,19,8
22.42693094605598,8.17590319488719,11.82804341055177,285.43428044657423,1.1885046492782152,962.810357074026,7.668136505368643,Residential Area,Commercial,Morning,61.302072987386055,19,9
71.2179221347536,87.35786241067773,211.67255175470652,2655.84764000516,1.739545007287846,726.6709920703232,3.846431347563761,Commercial Area,Commercial,Night,1325.9977232086371,19,10
23.724908749680008,92.08724005318132,277.5744952246998,4683.028461474807,9.710740313605276,304.75109538613333,1.9170314925941216,Commercial Area,Residential,Afternoon,507.4544192429945,19,11
32.539969815926774,6.107795985486375,54.17260353820006,196.71770334254825,3.659002997296782,829.3946648588469,4.242105269203851,Park,Commercial,Afternoon,76.1887878057695,19,0
74.64914051180241,27.68776481472037,170.38356916578883,610.549570050134,7.923008330543203,281.5211984149299,3.4335395774607296,Road,Residential,Morning,480.3273173161002,19,1
64.96328990472146,80.62012797930613,274.6464892764126,2260.9951414171765,6.621972119688374,872.7538395661279,8.584407119444993,Road,Residential,Evening,1281.4462786694835,19,2
84.9223410494178,74.82596903836584,10.183793575739651,4669.375087639524,4.437456756876063,112.58039041193702,3.820131258266288,Residential Area,Industrial,Evening,1271.293568039983,19,3
65.76128923003434,18.45210193563773,209.226080174052,1580.7805248837526,2.851185359759996,703.6859774607957,8.100392245984064,Commercial Area,Industrial,Afternoon,428.2578451012199,20,4
56.830860333547164,20.93493233367103,89.20470221176522,2536.174043441962,2.092477763434658,540.6984766449103,9.026849303296611,Residential Area,Industrial,Evening,335.8320581474885,20,5
9.367476782809248,37.0472102791382,277.3188586129591,207.86429525196047,6.5351167123498,96.53447019544082,4.904356776188766,Commercial Area,Residential,Afternoon,216.82124575669792,20,6
36.77158030594335,48.45229851910213,291.3174735496103,741.7160048104444,7.971704025740092,241.893828258839,9.189488294689529,Park,Commercial,Morning,630.882150758828,20,7
26.520236768172545,61.8254771530296,283.27994673403015,4933.150614794235,6.795138281870176,12.40403627731479,4.395862485668736,Commercial Area,Industrial,Morning,468.37039337796097,20,8
24.39896433790836,36.89136395697725,142.26426499723914,4825.593482180228,5.772719199242425,468.7679654645058,9.676705748410974,Residential Area,Commercial,Afternoon,333.8746695429043,20,9
97.30105547524455,46.25347161331479,258.61279529679405,24.69990467204808,1.3775610108847265,301.2652607600004,1.8036057207301563,Residential Area,Industrial,Morning,951.8084818071844,20,10
39.30977246667604,74.74709381337566,253.3648195605211,4759.058927116195,9.716398998349456,598.3574842977588,7.183173398529185,Residential Area,Industrial,Night,779.2505832582814,20,11
89.20465551771133,3.66832028905979,95.7301419729767,3195.599689077502,8.18842772489117,297.2378077086172,5.444326364112358,Park,Residential,Night,139.00650127382,20,0
63.11386259972629,25.24369443440208,248.6746422452032,4339.59147260011,3.6353983303086825,299.9191115069847,4.488839249100824,Commercial Area,Industrial,Morning,447.1752728959969,20,1
79.48113035416485,71.33495858845524,11.102290414647786,2273.699278169296,9.819732964229656,743.1931987316034,6.694406908737408,Commercial Area,Industrial,Afternoon,1139.1588432488074,20,2
50.26370931051921,89.52068376871993,178.88096354461592,2577.9801428962514,6.416934306726899,48.142835978353446,7.334713824708981,Residential Area,Residential,Afternoon,1033.540975701986,21,3
57.69038846263591,51.16774421156661,69.00265118631091,2444.2329012846008,6.241803923865218,902.8949951919872,1.0392694268527818,Commercial Area,Commercial,Morning,606.473798478801,21,4
49.25176938188639,53.211348526531566,36.17006573318364,3334.321287730522,7.732658614865789,852.2638743911815,2.5025777987247886,Road,Industrial,Evening,542.3260161686103,21,5
19.52429877980445,10.717201133977603,23.085960488762748,698.2562737815646,8.305928092811238,667.8046832264065,7.417414455708868,Road,Residential,Night,69.02880385732601,21,6
72.24521152615053,44.741236682345466,208.88663276344192,149.86794936338976,6.908307465983524,593.2215701073843,6.997468722203858,Road,Industrial,Evening,797.152888632218,21,7
28.07723624408558,53.26172664550232,101.96248913041984,1539.649707955955,2.1528617172958,892.3024981396522,9.694427546158096,Commercial Area,Residential,Afternoon,414.3809377712616,21,8
2.431596643145384,24.247050363472965,217.43003145862843,3523.4038136832337,4.044407553950485,185.33017952871444,7.849340112257047,Park,Commercial,Afternoon,196.48929613565917,21,9
64.54722959071678,26.924323094938096,19.60690223968271,1009.2672606147418,9.352752762934449,78.96916219082861,9.556954369582042,Park,Commercial,Evening,378.4837090819034,21,10
17.711067940704893,37.728416310462265,94.5871013491831,3367.1621666245865,3.0215405065946674,239.5101699095381,7.322864513813263,Park,Residential,Morning,218.56476642873548,21,11
94.04585843529144,2.007119777772637,161.84738771260118,4849.560230536352,4.34950321453762,794.5782787001903,3.682469877754989,Park,Residential,Evening,125.11072605365877,21,0
95.39285770025872,32.20791655831783,237.21694945168903,469.5035789470919,4.888691946497763,34.67026672648332,1.948284300257708,Road,Residential,Evening,669.2103196514608,21,1
91.48643902204483,21.144800699654464,95.62575087962098,3363.0105911256314,4.95464490725007,582.8068350834897,8.03641477010442,Road,Commercial,Night,481.449682752622,22,2
37.01587002554444,32.74973521779147,187.76741293110277,2218.751096522856,6.5164562424507295,995.43751619131,6.797342993283243,Residential Area,Industrial,Night,382.9195052850208,22,3
1.5456616528867428,11.976213181925122,265.79332447085613,4340.711271887527,9.487682539702368,855.6960938375394,1.433674111539666,Commercial Area,Commercial,Evening,56.1682091243664,22,4
92.83185625877252,89.0527280739895,184.75895645469137,885.7489472369296,3.1662344064925447,521.4456890435895,4.240454193108805,Commercial Area,Residential,Evening,1718.2661376600627,22,5
42.81841483173143,59.35924535540487,69.88784242609013,3463.1297611308228,2.0935123867082623,63.64090928664234,9.611198339358577,Park,Residential,Afternoon,589.1747091264511,22,6
96.66548190436696,67.91023191444896,7.320234466961406,4190.576448240551,2.777234408739436,831.3735143857099,5.503610311391811,Road,Commercial,Night,1315.5711507914502,22,7
96.36199770892529,78.91712386073382,261.029662170279,4723.071097370116,8.982324101883425,598.9785081772105,4.894562224177342,Park,Residential,Night,1639.2494411906666,22,8
85.300945546736,49.84421989290573,6.380823255116141,3416.240141448229,6.812297313896854,114.93299705956684,5.119296446433646,Residential Area,Commercial,Afternoon,858.199632988949,22,9
29.444889206958567,8.69202880874237,262.4105018052598,2485.8738200421367,3.573161103152441,93.8572848233562,2.8799445160464736,Commercial Area,Residential,Morning,141.06844703490742,22,10
38.50977286019253,53.71065418185478,158.68114020816358,3089.236201006069,8.343522450717554,909.6268194365924,4.318364537783157,Commercial Area,Industrial,Night,494.86310578561114,22,11
85.11366715168569,58.68411180208791,281.72030955386884,4344.524922393591,8.752329967270924,669.2002629380785,4.328319303884589,Park,Industrial,Night,1123.616829013782,22,0
31.692200515627768,74.54394741843299,239.6349707320996,2853.048733194149,8.618629048212503,829.2867993167555,1.4711951816872515,Residential Area,Residential,Morning,520.546816028139,23,1
16.94927466860925,43.16595462296794,299.38023316000124,151.9352984841843,9.27033880275599,878.9789002822673,7.908108656661264,Commercial Area,Commercial,Night,394.2015077795088,23,2
55.68012624583501,12.758030279556376,105.21354463551305,4654.743477534889,3.270169181560254,571.7723520483222,4.748539887134911,Residential Area,Industrial,Night,211.39537069809853,23,3
93.6154774160781,28.377590579872447,230.1564866793381,3447.633755157806,7.795377358716505,517.4463517550413,8.39961898134781,Residential Area,Commercial,Morning,735.865359032983,23,4
69.6029796674973,36.30822963986351,120.57927408277264,3382.5669288862327,5.14485547546726,430.4274103209902,8.653132010079059,Park,Residential,Morning,621.2660237047262,23,5
57.0061170089365,64.59172413316013,143.96268609117266,1078.375761988586,8.577986976010553,316.94658779111927,2.9079464922879223,Road,Commercial,Evening,781.7226090192736,23,6
9.717649377076851,57.07783046689119,188.25163896551103,3294.427351163286,7.5564160944545185,434.59596085871175,6.916181339531157,Park,Industrial,Afternoon,258.2759554306503,23,7
61.500722669916975,35.60967258978462,262.10313425590164,1969.3220282707923,7.9880270184975215,773.8796557301564,5.250536237466836,Road,Commercial,Afternoon,585.9384233862438,23,8
99.00538501042632,98.65152487929797,295.22504075978856,3256.1648852074604,6.905456539129643,601.9234310151315,8.921410641293367,Residential Area,Commercial,Morning,2194.9058724523306,23,9
14.008401523652402,60.57748193568872,230.48202415935543,532.9651515399536,2.596858925227362,892.5232899548461,2.941666112588087,Road,Residential,Morning,254.62994957506345,23,10
51.83296523637368,23.72267917359945,125.33003465020012,3289.22652301518,5.905242270072445,443.3800143791877,7.100318802790398,Residential Area,Residential,Night,348.85515268436535,23,11
87.73730719279554,10.178247262040374,126.40710068312106,4997.0686288533325,9.862027655720574,607.0895787187541,6.469769100274503,Commercial Area,Residential,Evening,280.63162495958846,24,0
74.07686177542044,15.285913918433202,221.27469047666744,241.06019430278013,9.43649259847407,631.3075530919887,3.6577132981464953,Commercial Area,Industrial,Evening,321.5321078982868,24,1
69.7015740995268,24.595772838450813,71.6331437304907,4885.870921106586,1.388563622173105,591.6971623063255,2.229408132860553,Commercial Area,Industrial,Morning,377.12651361194526,24,2
70.24840839871092,16.06813732595557,33.1422339394184,2034.539803614353,2.483333341564934,702.6337730855163,6.8647578442954895,Park,Residential,Night,266.9036404854892,24,3
35.94911512197552,18.656702405130577,106.38664729223296,4353.767251686296,2.1855589610910573,237.43346837480627,7.647377123190976,Park,Residential,Night,232.24270888194093,24,4
29.359184426449332,28.50951686938471,86.17169749622452,3911.927420291368,7.53381918986766,512.3637775457906,3.84064609387015,Residential Area,Industrial,Afternoon,214.01735093107567,24,5
80.93611554785136,17.33735952947548,88.89243613679703,2835.081304933339,8.360067968712507,104.22480280834768,6.803493436200824,Commercial Area,Industrial,Afternoon,356.81090210013787,24,6
81.01133946791808,89.67654246264252,70.08232531497298,3692.246046256632,2.9216022967960478,384.5113276448125,4.556178168503529,Park,Industrial,Night,1478.5928577809473,24,7
86.70723185801037,8.023374566164222,12.627956890908564,4392.57780650674,5.552674236566461,487.6670686212644,7.41886194954356,Commercial Area,Industrial,Afternoon,172.65453593299787,24,8
91.32405525564712,52.45113895702546,5.362180420024143,2020.701608255165,8.5663272521008,652.2242595454725,2.792937474046478,Park,Residential,Morning,957.7954616858162,24,9
51.13423988609378,41.03968269896615,296.3167169208095,1635.1658078161934,7.595213902896255,950.5310525862036,9.01193502372557,Road,Industrial,Night,694.1757577302036,24,10
50.15162946871996,98.23786169086064,128.3319401207587,3337.9669278179235,5.880134849426635,600.6510665483559,3.5866863681902177,Road,Residential,Afternoon,1034.7259899680553,25,11
79.82951789667752,11.203890216805236,115.2979941479045,4039.229709706293,6.313129214128956,743.5939161765598,4.310073889805376,Commercial Area,Commercial,Evening,249.9884388118581,25,0
64.99639307777652,39.78555990457416,203.89418480792096,3811.425673883079,5.57524492224652,506.26605949520274,1.522827568723148,Residential Area,Commercial,Night,560.9693247131643,25,1
70.19668772577033,96.94704332753687,65.47616635951925,3989.068244293173,3.677936061869385,634.1040313763314,2.0036099108914875,Park,Industrial,Night,1370.3549681117306,25,2
79.57926694361011,86.55071258939803,284.9883551850676,2177.916574064665,6.085197935731145,70.93221613377342,5.642757124410953,Park,Commercial,Evening,1530.2219435662437,25,3
89.00053418175663,81.707207094928,235.9035043246656,4089.171080875108,7.199967718450816,254.39158084184697,3.4083340905517434,Road,Commercial,Morning,1526.9765118511737,25,4
33.79951568515358,25.790282704493983,26.82330069367785,601.0452768530422,8.859906242747268,361.8530932051387,8.51932203167975,Road,Commercial,Evening,209.2647107277126,25,5
37.5582952639944,17.088758739006582,125.2742327354785,2722.445489804248,6.726622185813232,472.4933550065136,1.1322404978945846,Residential Area,Industrial,Night,155.52897855256367,25,6
9.3981939840869,66.8643219924431,263.7354922686494,28.793302490607854,7.850093833388422,45.64874550238373,4.411846438047426,Residential Area,Industrial,Morning,256.35437643833967,25,7
57.8280140996174,92.93759891275856,283.4196066874231,1622.9291495013515,2.4406447145911567,140.0240975533177,4.0361099209218345,Residential Area,Commercial,Afternoon,1190.7979010949052,25,8
3.594227379674209,55.67628930139298,140.22045337496093,1832.3076743569893,5.154017269778109,276.8143077913058,1.1739486782584092,Commercial Area,Residential,Afternoon,73.8180157272842,25,9
46.55980181324602,57.16126894698999,184.0234167632123,1980.863458046277,1.0839845784438396,971.5326909010506,2.119315591004592,Road,Commercial,Afternoon,584.0496649445093,26,10
54.26446347075766,27.997909366028416,50.11018382762257,3477.336033449311,3.220109780694607,331.3470071030508,4.722784074267717,Commercial Area,Industrial,Night,342.9487715235671,26,11
28.65412521282844,76.94929331919369,297.350587841093,1942.7905063517287,7.5381554360170435,482.0410581120825,5.43578126002702,Road,Industrial,Evening,614.2337876325562,26,0
59.08332605690107,18.704374855752334,69.50151041503302,2243.468113112653,9.926289562144271,196.09771273839291,4.638607725293822,Road,Industrial,Morning,264.29322214716365,26,1
3.050024993904943,32.367923640424365,282.8195322405377,1187.7206543716372,1.8926028962849435,610.7800710757682,5.778439105708845,Park,Commercial,Afternoon,198.86767725917923,26,2
3.7348188749214417,42.54364386164168,194.89399469771053,1866.2589581467005,4.613448842751595,280.6832155159743,6.356185074151134,Road,Residential,Morning,170.16634035319504,26,3
82.26005606596583,50.7610378684455,182.32103846365771,1136.3481363157573,8.200638718292435,206.9925784384268,1.089314390150521,Road,Industrial,Night,856.5977214845713,26,4
36.019064141126286,24.240973241508023,153.8065533049526,365.9796188422182,2.8363207116600897,516.572628445979,5.176856435081535,Commercial Area,Industrial,Afternoon,267.7616463121047,26,5
12.706051265188478,11.483682473920354,69.20094351532761,3017.2429669068897,5.995764543720576,5.505799160420821,9.671493167988295,Road,Commercial,Night,109.48591662822798,26,6
52.22432600548044,61.06200424416326,52.95840960165248,3341.0639927750813,7.597641664267073,7.664032649225327,5.671290521165939,Commercial Area,Residential,Evening,675.5439158787635,26,7
76.99935530986109,28.863055324025577,66.14586272105261,3097.4517300480725,6.543869052341611,219.06880910185777,7.097880407130579,Residential Area,Commercial,Night,504.5656535490163,26,8
21.58210274968432,58.123822142261226,55.93147864327636,2317.470219002861,2.692222611538745,36.72136250082114,3.8067747212519487,Road,Industrial,Night,286.9053679884511,27,9
62.28904758190003,15.436271527420232,233.875342070026,1898.928900896149,4.198461118171655,108.02575413069138,7.965922403374863,Road,Residential,Evening,392.2847705179564,27,10
8.5347464993768,48.11401018548175,105.03757775001904,4316.668247859127,8.054126060368574,338.8606493387516,7.956293336885036,Commercial Area,Residential,Morning,182.8880277800522,27,11
5.16817211686077,53.25894325515858,17.35280296901891,2595.4089256810903,5.98803862718815,802.5856795798129,5.69166442888725,Residential Area,Industrial,Evening,83.71918411547227,27,0
53.1354631568148,5.182353682242691,290.7307890422434,2395.9093881486547,1.0470665218862147,572.0486433693009,9.784124409512922,Park,Residential,Evening,356.0356258984209,27,1
54.06351216101065,33.660427819392055,265.13576548902773,128.21032903217844,7.848916840252844,512.6677259564165,2.1299519328638805,Residential Area,Residential,Night,430.1137652442443,27,2
63.742990149820656,13.441467693897424,278.3256849585639,1706.2391381307818,1.3178021944621516,293.48882320812163,1.152528984006229,Commercial Area,Commercial,Morning,223.95559342674522,27,3
72.60913337226616,6.337497047276774,298.47234679393057,1900.9780939292853,7.711604044581089,931.7537194328164,7.931423905813864,Residential Area,Industrial,Afternoon,345.407673349567,27,4
97.58520794625346,98.99602323899452,52.16857476584619,1994.1139044845024,2.8223250414871366,397.01504123719167,8.264399836283943,Commercial Area,Industrial,Evening,1958.0304254308544,27,5
51.630034830119534,32.235384497472296,118.87260567079764,2900.8618461366614,9.62266132107442,87.0927667957715,2.0818650620851864,Commercial Area,Industrial,Morning,367.7337070917331,27,6
32.2956472941246,80.98744458546349,227.47154271122736,2668.012733634392,4.31146676171876,617.0665161178013,3.390245496627455,Park,Industrial,Evening,614.7943404620655,27,7
79.51861947687037,25.464065476376383,208.80618541613768,3039.525463967223,3.942384547042712,113.8383934766014,1.1579712702996603,Road,Industrial,Evening,443.9285924382004,28,8
27.083225126207424,68.15027222239293,46.16877190195652,3824.4163077106414,2.339992452992002,345.22314280169206,3.639777497025082,Commercial Area,Residential,Evening,402.6315877907723,28,9
43.89714207056361,76.02278598896865,244.74993749718533,4064.928693580468,3.750437939411934,507.4119387178089,7.958276865268044,Commercial Area,Commercial,Evening,873.4421726264836,28,10
7.845638134226595,59.56387406078443,67.3321715509982,3590.615381132472,8.889856856453804,874.2225246851758,5.6616447494132105,Park,Industrial,Night,150.72416884817096,28,11
2.535074341545751,47.15761885501584,67.14528444678692,4777.618479774674,9.967009038645228,493.5465803401187,4.132860338514593,Commercial Area,Commercial,Morning,69.69420492832387,28,0
96.26484146779252,41.18409141472685,161.09232686802406,91.16291338180817,4.314785774561635,702.2587660316642,4.345653654156973,Road,Commercial,Morning,867.9126010642153,28,1
83.59801205122058,34.88682665429953,177.88198045251096,978.8899284177304,5.037495678590883,992.8168389990705,1.0121826314392135,Park,Residential,Morning,611.0718754478514,28,2
69.59742060936979,92.9529144247826,174.02586235134336,37.8143748907106,7.498638443824634,131.48911989798162,3.698204748087123,Road,Industrial,Evening,1349.3838669585357,28,3
40.89529444142699,83.06194077877291,27.446051219326463,3237.373570773015,8.97576202418567,274.7315255195195,6.818128674741375,Road,Residential,Night,705.5637042472823,28,4
17.329432007084577,96.50269106665124,263.2382587891141,4490.152744749935,6.337399007681057,394.5760755976464,9.767749994347216,Park,Industrial,Evening,610.5813975646573,28,5
15.643704267108603,12.429722348554472,79.68001277661182,1217.4114828814963,4.523731283600464,421.82817853883137,8.623547442855095,Commercial Area,Residential,Evening,120.33318710338108,28,6
25.02428981645953,73.08674752036443,38.85447638484125,4635.172723981534,4.713596567637614,411.0210752655458,1.212354681809762,Road,Commercial,Morning,385.90415278815055,29,7
54.92266647061205,93.83404568210378,266.62442396069315,301.33695144780427,7.260563318471262,907.6110025565548,9.087045442073554,Road,Industrial,Evening,1270.2261253572897,29,8
71.45959227000624,18.123306616566012,286.69544946892603,4672.180134027572,1.0289643724385082,714.0326444668565,8.048785719687633,Road,Commercial,Afternoon,508.44068269021597,29,9
66.01973767177313,6.6496267366777495,258.6382851796352,1758.1134361981722,6.576304037138566,607.9052140907038,8.023385112138824,Road,Commercial,Evening,311.41631495083004,29,10
27.993389694594285,74.11206492900591,242.85482241746345,507.1041422460826,4.199437093972216,309.3727178627821,5.121961831032143,Park,Residential,Afternoon,551.0789623490483,29,11
95.4865280663194,57.44731131799119,196.5725941917065,2429.3587959316283,8.147775981493758,823.7903842212947,4.582047636590525,Park,Industrial,Evening,1186.3873894665999,29,0
73.78969166957685,84.1828776758272,165.2572111827418,1283.8828386025398,1.8369157584081892,955.060511484989,3.7262415594987335,Residential Area,Commercial,Night,1302.1443990862385,29,1
55.43540525114007,13.97723766262895,26.09602797342304,1424.3645098096142,6.293820402535514,821.1982825502265,1.591253730589292,Residential Area,Residential,Night,171.6928779248364,29,2
61.17207462343522,79.52673118598902,122.5359639212096,1536.4498246314329,5.328756008975113,1.5651051914729042,3.054118271443292,Road,Industrial,Morning,1009.8663744228866,29,3
41.96000624277899,20.16273200477445,111.8065551036942,4015.129489163317,6.780929733147047,636.401370183407,3.2194327148022217,Commercial Area,Industrial,Evening,220.8849479875135,29,4
24.773098950115745,16.36559428657045,77.92613512809787,2695.8063833762726,1.5836823503467152,51.13538144210072,5.356693627391814,Road,Commercial,Afternoon,137.1800960609175,29,5
35.59726786512616,16.426579793099293,217.02603410657548,1556.538495780018,6.219854086853181,257.60722033372184,7.726999659370246,Commercial Area,Industrial,Afternoon,296.68518761243024,30,6
75.78461104643691,81.45747202313821,148.76272052363123,3051.668916554592,6.053361291635714,59.524700347771685,5.26428845558152,Road,Commercial,Evening,1308.7118080688701,30,7
1.4393488629755868,66.51972206962002,24.31386477229438,3580.753371115968,6.045940849745539,603.7954529493877,1.5206000450244457,Residential Area,Industrial,Afternoon,42.677936642213126,30,8
11.607264050691624,52.30654247691193,66.0549605849434,1363.120003667669,6.431388999368093,686.5899134926068,9.620108208893836,Residential Area,Residential,Night,201.41638331363197,30,9
4.600264202175275,35.88304841235025,204.9776290978788,2067.745507626757,7.08821143503726,114.48763806590512,9.48451887184701,Commercial Area,Commercial,Afternoon,240.42621815155422,30,10
4.072880231897013,87.72005408131082,22.839257847090057,609.4304666847378,8.244900997126928,383.83888304497947,8.066705888335676,Road,Commercial,Morning,112.01199006191814,30,11
85.54605840110072,39.244510742263536,255.3620742146306,905.7467476734016,3.428386481153929,456.2365089555421,9.921951114077984,Commercial Area,Industrial,Night,931.4336572727651,30,0
70.36578593800236,81.65994394715771,148.54395810419228,3405.589269824914,8.425444691620559,369.0530217609166,5.900340995202367,Residential Area,Industrial,Night,1234.2084469371857,30,1
47.41738290873252,43.91349085702184,144.1759731979944,907.1917384781348,5.484301140371082,121.02500048519305,9.664915152278857,Road,Commercial,Night,565.2437232379971,30,2
9.783416065100148,37.69444294249076,177.7223353978553,2625.8169183353007,1.6935245122089806,418.9477901874754,1.680445365550757,Road,Industrial,Evening,120.7383854455756,30,3
49.16158751168324,46.26797856696064,247.4042897775448,3545.2313086121635,1.5269583631958128,751.1780478084181,4.291126734352342,Commercial Area,Residential,Evening,575.9422441716281,30,4
47.34717707805657,30.13778741641421,104.34276237065792,534.3846154737192,4.008144868264547,71.00766453325546,3.0284314120608924,Park,Industrial,Night,327.6656899420864,31,5
17.320186991001517,74.76093801762511,203.40484576771905,2836.561098144518,8.064072794003208,80.18001408190345,2.7624977572084304,Commercial Area,Residential,Evening,331.6364920888688,31,6
43.385164923797305,50.27203900924791,169.7195891987373,1282.8139185068187,7.369128412668242,354.77129183598424,2.267226540034085,Residential Area,Residential,Afternoon,482.97693744226643,31,7
39.85047343973734,23.22126951468173,80.1084810508264,4814.634376187899,8.09753468205166,941.7257116189252,6.60172277409397,Residential Area,Residential,Evening,253.61196245532523,31,8
61.585009805221645,89.95745732745685,263.5889959065474,2417.728233599624,5.655421507974484,668.5726467229141,8.031896701725746,Residential Area,Residential,Evening,1317.878832335427,31,9
63.50936508676438,38.38912213732114,239.2278064820784,4029.962748875791,4.961790981599415,678.6699566725648,6.204685594783246,Residential Area,Residential,Night,647.771549755169,31,10
4.530400977204452,54.35528611139886,197.5355503975277,2751.132710781309,2.3270727403565554,361.919990837865,2.322664386293887,Residential Area,Industrial,Morning,115.06074441580535,31,11
37.46126146264712,90.6472110964547,255.17451872827257,217.06266427409585,3.953734782483804,593.6607912085384,8.300113929401238,Park,Residential,Morning,897.62842658773,31,0
62.58599157142364,62.42379959139921,260.1882602879407,3165.756877970112,4.9061742955648775,10.131184027743378,6.723592364473556,Road,Industrial,Morning,960.299683789801,31,1
50.31362585800877,11.689804070836407,212.50889301451045,4757.016711033285,1.797403867116555,636.0960464095422,4.493491355142959,Commercial Area,Residential,Afternoon,233.5446794898549,31,2
85.64898411883223,93.98321236134753,251.1039985091016,3008.059100731656,2.985507574400901,913.2869475762368,7.067172659824567,Commercial Area,Commercial,Evening,1778.6557434620734,31,3
65.8693631618945,62.770805307141785,209.24143850078508,4095.944297133951,6.384027646573649,612.5734683448192,3.3391448131854955,Residential Area,Residential,Morning,902.2431177379428,32,4
16.29344270814297,33.49056146570861,204.04223152809013,4421.032316742039,7.620968028152708,873.6985934663451,4.106729876447894,Commercial Area,Commercial,Night,210.33837450593865,32,5
7.056874740042984,13.927207266338726,185.5834134645553,1140.3988597446623,9.985127602536547,723.9730554660938,9.257372588187913,Residential Area,Residential,Morning,197.97874313887752,32,6
64.24192782063156,79.4025189270296,225.8149918672924,1060.2241995411332,9.39801998209202,120.55841640369025,3.614540551042784,Park,Residential,Morning,1098.2844759828376,32,7
2.6511310541621813,62.00727559285135,47.58153158792211,3054.9049442549585,6.783086795816724,902.4533072858416,5.229894413421429,Park,Residential,Evening,78.57913171184026,32,8
58.57755812734633,53.34610919763215,264.26122775967855,2055.142349033524,4.791232479646649,66.44384435577489,9.011270236564132,Road,Commercial,Evening,868.6586158633961,32,9
94.02302414249576,89.38925830509577,261.5530583235696,4199.306514333602,6.725596282374094,533.9674725477638,7.369492152407747,Park,Commercial,Evening,1860.6810301719995,32,10
57.5474177875879,78.85972112245308,8.774184910367744,4500.115616990056,8.070864562722088,142.13712379345768,1.5598290354823248,Park,Residential,Afternoon,909.9459195604453,32,11
38.816992620652194,15.16748797327512,247.7450251694288,1767.1068965135903,2.065025718310486,11.706610730904066,2.325727398510733,Road,Industrial,Afternoon,190.2121095172863,32,0
64.32882184423532,31.172206779554823,38.66096024203356,1184.3527948724102,4.689144007266594,422.034260127639,1.0705743169472512,Commercial Area,Residential,Morning,414.6121532057821,32,1
45.825289049151664,24.84891398144657,100.53565627774258,3902.627576219309,8.558220570720554,295.0407076541562,6.678296112062471,Residential Area,Commercial,Evening,308.9184915413649,32,2
54.56167893159349,74.3946292572677,223.05247688748236,1374.0301777406803,4.454496567397396,486.00049379760304,5.029060828693765,Residential Area,Residential,Morning,927.9924574257324,33,3
94.14648087765252,3.353243473577938,48.22796881449246,4113.071592568392,6.146850441044679,577.1998867345508,2.20847365812048,Commercial Area,Commercial,Night,98.90973665414464,33,4
38.61026378007743,56.98896848713165,245.39010723571863,2118.691268243814,6.289924247759784,43.73907230894736,9.621407089510932,Road,Commercial,Night,684.726564589008,33,5
96.11905638239142,76.24586857406905,249.6402533873226,3337.7494964573525,2.6602862782027543,123.00329512374564,5.766937515510579,Commercial Area,Commercial,Evening,1603.2976058386207,33,6
90.53506419560637,87.67656367617495,152.24032012825086,477.6765691733409,4.260118974870595,558.6423964504254,3.1770396470160027,Park,Residential,Evening,1622.8127139718374,33,7
19.57911347892964,34.20817487159075,1.915761515050074,3119.296623382865,4.01060159867739,343.16735317265824,5.505432140392368,Road,Commercial,Night,150.61047122147426,33,8
6.9361300875165455,82.12573046720128,86.11143995247383,2258.838393686145,1.235770376788583,729.1734875494479,7.11658299461597,Road,Commercial,Evening,200.5256411186581,33,9
10.077800137742663,11.063173695520724,185.07807551272265,2933.0423158773706,1.217725875022197,652.2916485919396,1.6861529617620803,Road,Residential,Afternoon,67.68110410580823,33,10
1.8221825651549728,84.64522917345182,294.35585340822706,840.0710387243171,8.485273393081961,845.6043629899068,3.472334335431028,Residential Area,Commercial,Afternoon,156.80877648159066,33,11
9.44429607559284,12.748866233198244,189.5440581050005,3684.3687247209104,3.457637289755312,692.4928266692253,8.262689417955944,Commercial Area,Residential,Evening,194.6698861907334,33,0
68.30067734163569,39.72872905603673,77.94107431924793,4313.985387716143,5.662708896149339,429.9310773901481,5.136983833623951,Road,Commercial,Night,594.4051437069335,33,1
7.118864846022898,79.72953657795536,190.2017109298834,1083.6990004538782,3.6885301622989575,672.9666223944324,5.919194278290654,Road,Industrial,Morning,246.83936533249857,34,2
31.89756302937613,14.991742734877375,161.99561391475663,478.5727776008087,9.466113206038065,275.3811742554185,4.895344019885224,Road,Industrial,Evening,183.84324331174486,34,3
84.48753109694546,22.92513952326415,233.9536185453431,118.19293023168198,3.333670829791964,306.3134987782127,1.395099483787046,Commercial Area,Commercial,Evening,436.5860169845645,34,4
2.3271935735825866,72.22525683930662,32.094191648087524,3209.85750221633,4.866911314650416,788.9851599207933,2.491748018381404,Residential Area,Industrial,Morning,63.184944790664076,34,5
81.44684825889358,72.00365365460743,228.3083707506084,3035.470180443904,8.854572254361416,446.4195164015822,5.009874748677018,Park,Residential,Evening,1283.6188970965386,34,6
28.185477477339997,64.11476328852973,162.37997360283308,2733.48706357035,8.577402101126278,798.3803405183525,2.8826691886713505,Residential Area,Industrial,Morning,421.05688239553376,34,7
11.816482762165624,69.39484444671,288.8976011576984,1159.735480579877,2.674912760616496,822.4223736682784,1.4498112579371083,Road,Commercial,Night,227.56991800712768,34,8
69.67371653641507,54.27244433475962,102.56164981160585,1954.5299795275732,8.223789788161394,857.5623376612838,8.592846976466413,Residential Area,Commercial,Afternoon,850.2142481093565,34,9
62.8942846779884,25.179905890695277,189.78656794018443,2972.381675930865,5.123681980641034,916.6352358412072,9.830732762477044,Residential Area,Residential,Night,517.374198727533,34,10
87.74720135270529,34.56959935039195,279.60843165300525,2483.834294295847,5.346719848768197,430.9852205132962,8.138285865970655,Park,Commercial,Afternoon,843.2925434818978,34,11
73.50710438038858,18.159771680142565,30.75291839720378,4938.927601074436,2.201319751743494,318.86681832113885,8.684064295342004,Commercial Area,Residential,Morning,314.9316742376891,34,0
80.34809303848486,90.84505613336285,281.1685461709353,682.1987627836656,1.7254136238141218,582.1987465941139,3.1777941728534085,Commercial Area,Industrial,Afternoon,1542.4224420876628,35,1
28.203457257130648,58.339179476612046,206.365716690244,3475.722770237969,7.551453762763886,371.1724234376276,9.645642779618798,Residential Area,Industrial,Night,540.2601208352676,35,2
17.743954377972283,40.08514167636399,20.35111773155157,2021.5938405214608,5.468150371197698,601.074166800233,2.772331340080856,Residential Area,Residential,Afternoon,160.21508649708107,35,3
75.06147516408583,46.20058036441327,90.28907008404488,2140.998074628074,4.931656323536616,705.5858626438246,9.562868293256493,Commercial Area,Residential,Morning,788.637936410177,35,4
80.6834739267264,94.72833396118152,212.45162659358448,3587.988828290881,7.56557405787157,688.4050184921368,9.95337364569356,Commercial Area,Commercial,Afternoon,1730.3949377694082,35,5
99.05051420006733,15.33514031160802,20.20518044063151,3462.180756621848,7.889616090919988,374.5528870201214,7.405505251714438,Park,Industrial,Evening,338.2913370031165,35,6
41.26176769114265,58.62298320167972,174.65113805288198,4956.279968510941,2.430173509024182,166.86020169875283,9.830293586126396,Road,Residential,Night,668.5078772344971,35,7
37.20180857927832,50.5888678884466,103.76491708588702,641.9714472706262,6.492026345298772,430.52933846220753,6.125858016103933,Residential Area,Industrial,Evening,449.96677239087404,35,8
77.64129607419969,61.14542354346478,186.27465533024312,520.5482469208317,2.2181867404991698,142.59414408190872,3.335876048584813,Commercial Area,Residential,Morning,1012.9226268206529,35,9
34.08035402530179,1.8110183820840509,13.722610143753856,3621.694085643706,7.762375774261411,890.0970351838083,4.932962970990587,Residential Area,Industrial,Afternoon,33.80375341536069,35,10
93.07573256035649,87.21239089441515,261.4610418457129,2891.9345850320456,6.912596406404256,345.8774607378574,6.342048418409074,Residential Area,Commercial,Evening,1776.2872106547823,35,11
85.84127518430118,93.21182824836124,292.0466907532191,1370.8033327990292,9.60953158975112,154.45974722332377,1.6577340582431348,Commercial Area,Industrial,Evening,1636.2113269546187,36,0
42.89940273750184,56.51331835892089,290.66335658570745,397.096844944933,1.6206221472077906,25.44775990575088,6.601089381555215,Park,Industrial,Afternoon,685.8922010430844,36,1
75.08710677914974,69.66508238768922,224.89554952287745,428.2912479821527,1.5134924903612887,645.8223862864843,9.83060053086065,Residential Area,Industrial,Afternoon,1265.8314350819473,36,2
75.45428740846823,92.24993811772956,39.02587203918959,4470.954373320591,3.539683672238801,636.9023174547432,2.7109688480535485,Park,Industrial,Night,1398.2590140630837,36,3
